Object,Field_API_Name,Field_Label,Data_Type,Required,Picklist_Values,Lookup_Target_Object,Default_Value,Help_Text,Calc_Flag
Account,MasterRecordId,Master Record ID,reference,,,Account,,,
Account,Name,Account Name,string,Yes,,,,,
Account,Type,Account Type,picklist,,Prospect|Customer - Direct|Customer - Channel|Channel Partner / Reseller|Installation Partner|Technology Partner|Other,,,,
Account,ParentId,Parent Account ID,reference,,,Account,,,
Account,BillingStreet,Billing Street,textarea,,,,,,
Account,BillingCity,Billing City,string,,,,,,
Account,BillingState,Billing State/Province,string,,,,,,
Account,BillingPostalCode,Billing Zip/Postal Code,string,,,,,,
Account,BillingCountry,Billing Country,string,,,,,,
Account,BillingLatitude,Billing Latitude,double,,,,,,
Account,BillingLongitude,Billing Longitude,double,,,,,,
Account,BillingGeocodeAccuracy,Billing Geocode Accuracy,picklist,,Address|NearAddress|Block|Street|ExtendedZip|Zip|Neighborhood|City|County|State|Unknown,,,,
Account,BillingAddress,Billing Address,address,,,,,,
Account,ShippingStreet,Shipping Street,textarea,,,,,,
Account,ShippingCity,Shipping City,string,,,,,,
Account,ShippingState,Shipping State/Province,string,,,,,,
Account,ShippingPostalCode,Shipping Zip/Postal Code,string,,,,,,
Account,ShippingCountry,Shipping Country,string,,,,,,
Account,ShippingLatitude,Shipping Latitude,double,,,,,,
Account,ShippingLongitude,Shipping Longitude,double,,,,,,
Account,ShippingGeocodeAccuracy,Shipping Geocode Accuracy,picklist,,Address|NearAddress|Block|Street|ExtendedZip|Zip|Neighborhood|City|County|State|Unknown,,,,
Account,ShippingAddress,Shipping Address,address,,,,,,
Account,Phone,Account Phone,phone,,,,,,
Account,Fax,Account Fax,phone,,,,,,
Account,AccountNumber,Account Number,string,,,,,,
Account,Website,Website,url,,,,,,
Account,PhotoUrl,Photo URL,url,,,,,,
Account,Sic,SIC Code,string,,,,,,
Account,Industry,Industry,picklist,,Agriculture|Apparel|Banking|Biotechnology|Chemicals|Communications|Construction|Consulting|Education|Electronics|Energy|Engineering|Entertainment|Environmental|Finance|Food & Beverage|Government|Healthcare|Hospitality|Insurance|Machinery|Manufacturing|Media|Not For Profit|Recreation|Retail|Shipping|Technology|Telecommunications|Transportation|Utilities|Other,,,,
Account,AnnualRevenue,Annual Revenue,currency,,,,,,
Account,NumberOfEmployees,Employees,int,,,,,,
Account,Ownership,Ownership,picklist,,Public|Private|Subsidiary|Other,,,,
Account,TickerSymbol,Ticker Symbol,string,,,,,,
Account,Description,Account Description,textarea,,,,,,
Account,Rating,Account Rating,picklist,,Hot|Warm|Cold,,,,
Account,Site,Account Site,string,,,,,,
Account,OwnerId,Owner ID,reference,Yes,,User,,,
Account,Jigsaw,Data.com Key,string,,,,,,
Account,JigsawCompanyId,Jigsaw Company ID,string,,,,,,
Account,AccountSource,Account Source,picklist,,Web|Phone Inquiry|Partner Referral|Purchased List|Other,,,,
Account,DunsNumber,D-U-N-S Number,string,,,,,,
Account,Tradestyle,Tradestyle,string,,,,,,
Account,NaicsCode,NAICS Code,string,,,,,,
Account,NaicsDesc,NAICS Description,string,,,,,,
Account,YearStarted,Year Started,string,,,,,,
Account,SicDesc,SIC Description,string,,,,,,
Account,DandbCompanyId,D&B Company ID,reference,,,DandBCompany,,,
Contact,MasterRecordId,Master Record ID,reference,,,Contact,,,
Contact,AccountId,Account ID,reference,,,Account,,,
Contact,LastName,Last Name,string,Yes,,,,,
Contact,FirstName,First Name,string,,,,,,
Contact,Salutation,Salutation,picklist,,Mr.|Ms.|Mrs.|Dr.|Prof.|Mx.,,,,
Contact,Name,Full Name,string,,,,,,
Contact,OtherStreet,Other Street,textarea,,,,,,
Contact,OtherCity,Other City,string,,,,,,
Contact,OtherState,Other State/Province,string,,,,,,
Contact,OtherPostalCode,Other Zip/Postal Code,string,,,,,,
Contact,OtherCountry,Other Country,string,,,,,,
Contact,OtherLatitude,Other Latitude,double,,,,,,
Contact,OtherLongitude,Other Longitude,double,,,,,,
Contact,OtherGeocodeAccuracy,Other Geocode Accuracy,picklist,,Address|NearAddress|Block|Street|ExtendedZip|Zip|Neighborhood|City|County|State|Unknown,,,,
Contact,OtherAddress,Other Address,address,,,,,,
Contact,MailingStreet,Mailing Street,textarea,,,,,,
Contact,MailingCity,Mailing City,string,,,,,,
Contact,MailingState,Mailing State/Province,string,,,,,,
Contact,MailingPostalCode,Mailing Zip/Postal Code,string,,,,,,
Contact,MailingCountry,Mailing Country,string,,,,,,
Contact,MailingLatitude,Mailing Latitude,double,,,,,,
Contact,MailingLongitude,Mailing Longitude,double,,,,,,
Contact,MailingGeocodeAccuracy,Mailing Geocode Accuracy,picklist,,Address|NearAddress|Block|Street|ExtendedZip|Zip|Neighborhood|City|County|State|Unknown,,,,
Contact,MailingAddress,Mailing Address,address,,,,,,
Contact,Phone,Business Phone,phone,,,,,,
Contact,Fax,Business Fax,phone,,,,,,
Contact,MobilePhone,Mobile Phone,phone,,,,,,
Contact,HomePhone,Home Phone,phone,,,,,,
Contact,OtherPhone,Other Phone,phone,,,,,,
Contact,AssistantPhone,Asst. Phone,phone,,,,,,
Contact,ReportsToId,Reports To ID,reference,,,Contact,,,
Contact,Email,Email,email,,,,,,
Contact,Title,Title,string,,,,,,
Contact,Department,Department,string,,,,,,
Contact,AssistantName,Assistant's Name,string,,,,,,
Contact,LeadSource,Lead Source,picklist,,Web|Phone Inquiry|Partner Referral|Purchased List|Other,,,,
Contact,Birthdate,Birthdate,date,,,,,,
Contact,Description,Contact Description,textarea,,,,,,
Contact,OwnerId,Owner ID,reference,Yes,,User,,,
Contact,LastCURequestDate,Last Stay-in-Touch Request Date,datetime,,,,,,
Contact,LastCUUpdateDate,Last Stay-in-Touch Save Date,datetime,,,,,,
Contact,EmailBouncedReason,Email Bounced Reason,string,,,,,,
Contact,EmailBouncedDate,Email Bounced Date,datetime,,,,,,
Contact,IsEmailBounced,Is Email Bounced,boolean,,,,False,,
Contact,PhotoUrl,Photo URL,url,,,,,,
Contact,Jigsaw,Data.com Key,string,,,,,,
Contact,JigsawContactId,Jigsaw Contact ID,string,,,,,,
Contact,IndividualId,Individual ID,reference,,,Individual,,,
Contact,IsPriorityRecord,Important,boolean,,,,False,,
Contact,ContactSource,Creation Source,picklist,,Auto Create|Email Message|Meeting Digest|Seller Home,,,,
Contact,fleetforce__Contact_Type__c,Contact Type,picklist,,Driver|Manager|Mechanic|Admin|Other,,Driver,,
Contact,fleetforce__Driver_Branch__c,Driver Branch,reference,,,fleetforce__Fleet_Branch__c,,,
Contact,fleetforce__Driver_Status__c,Driver Status,picklist,,Active|Inactive|Suspended|On Leave,,Active,,
Contact,fleetforce__License_Class__c,License Class,picklist,,Class A CDL|Class B CDL|Class C CDL|Class D|Motorcycle|None,,Class A CDL,,
Contact,fleetforce__License_Expiry__c,License Expiry,date,,,,,,
Contact,fleetforce__License_Number__c,License Number,string,,,,,,
Contact,fleetforce__License_State__c,License State,picklist,,AL|AK|AZ|AR|CA|CO|CT|DE|FL|GA|HI|ID|IL|IN|IA|KS|KY|LA|ME|MD|MA|MI|MN|MS|MO|MT|NE|NV|NH|NJ|NM|NY|NC|ND|OH|OK|OR|PA|RI|SC|SD|TN|TX|UT|VT|VA|WA|WV|WI|WY|DC,,,,
Contact,fleetforce__Medical_Cert__c,Medical Cert Date,date,,,,,,
Contact,fleetforce__Related_User__c,Related User,reference,,,User,,,
Contact,fleetforce__Safety_Score__c,Safety Score,double,,,,,,
Fleet_Schedule__c,OwnerId,Owner ID,reference,Yes,,Group|User,,,
Fleet_Schedule__c,Name,Name,string,,,,,,
Fleet_Schedule__c,fleetforce__Effective_From__c,Effective From,date,,,,,,
Fleet_Schedule__c,fleetforce__Effective_Until__c,Effective Until,date,,,,,,
Fleet_Schedule__c,fleetforce__Grace_Period_Mins__c,Grace Period,double,,,,,,
Fleet_Schedule__c,fleetforce__Is_24_7__c,Is 24/7?,boolean,Yes,,,False,,
Fleet_Schedule__c,fleetforce__Time_Zone__c,Time Zone,picklist,,Eastern|Central|Mountain|Pacific|Alaska|Hawaii,,Eastern,,
Fleet_Schedule__c,fleetforce__Total_Hours__c,Total Weekly Hours,double,,,,,,
Fleet_Schedule__c,fleetforce__Type__c,Type,picklist,,Recurring|One-Time|Seasonal|Event-Based,,Recurring,,
Fleet_Branch__c,OwnerId,Owner ID,reference,Yes,,Group|User,,,
Fleet_Branch__c,Name,Name,string,,,,,,
Fleet_Branch__c,fleetforce__Approving_Manager__c,Approving Manager,reference,,,Contact,,,
Fleet_Branch__c,fleetforce__Branch_ID__c,Branch ID,string,,,,,,
Fleet_Branch__c,fleetforce__Capacity__c,Parking Capacity,double,,,,,,
Fleet_Branch__c,fleetforce__City__c,City,string,,,,,,
Fleet_Branch__c,fleetforce__Country__c,Country,picklist,,United States|Canada|Mexico|United Kingdom|Other,,United States,,
Fleet_Branch__c,fleetforce__County_Province__c,County/Province,string,,,,,,
Fleet_Branch__c,fleetforce__Email__c,Email,email,,,,,,
Fleet_Branch__c,fleetforce__Is_Active__c,Is Active,boolean,Yes,,,False,,
Fleet_Branch__c,fleetforce__Location__Latitude__s,Geo Location (Latitude),double,,,,,,
Fleet_Branch__c,fleetforce__Location__Longitude__s,Geo Location (Longitude),double,,,,,,
Fleet_Branch__c,fleetforce__Location__c,Geo Location,location,,,,,,
Fleet_Branch__c,fleetforce__Phone__c,Phone,phone,,,,,,
Fleet_Branch__c,fleetforce__Primary_Contact__c,Primary Contact,reference,,,Contact,,,
Fleet_Branch__c,fleetforce__Schedule__c,Schedule,reference,,,fleetforce__Fleet_Schedule__c,,,
Fleet_Branch__c,fleetforce__Status__c,Status,picklist,,Active|Closed (Permanent)|Closed (Temporary)|Renovating,,,,
Fleet_Branch__c,fleetforce__Street__c,Street Address,string,,,,,,
Fleet_Branch__c,fleetforce__Time_Zone__c,Time Zone,picklist,,Eastern|Central|Mountain|Pacific|Alaska|Hawaii,,Eastern,,
Fleet_Branch__c,fleetforce__Type__c,Location Type,picklist,,Hub|Satellite|HQ|Service Center|Parking Lot|Warehouse,,,,
Fleet_Branch__c,fleetforce__US_State__c,State,picklist,,AL|AK|AZ|AR|CA|CO|CT|DE|FL|GA|HI|ID|IL|IN|IA|KS|KY|LA|ME|MD|MA|MI|MN|MS|MO|MT|NE|NV|NH|NJ|NM|NY|NC|ND|OH|OK|OR|PA|RI|SC|SD|TN|TX|UT|VT|VA|WA|WV|WI|WY|DC,,,Used for US states only.,
Fleet_Branch__c,fleetforce__Website__c,Website,url,,,,,,
Fleet_Branch__c,fleetforce__Zip_Code__c,Zip/Postal Code,string,,,,,,
Fleet_Asset__c,OwnerId,Owner ID,reference,Yes,,Group|User,,,
Fleet_Asset__c,Name,Name,string,,,,,,
Fleet_Asset__c,fleetforce__Agreement_Line__c,Agreement Line Item,reference,,,fleetforce__Agreement_Line__c,,,
Fleet_Asset__c,fleetforce__Agreement__c,Agreement,reference,,,fleetforce__Agreement__c,,,
Fleet_Asset__c,fleetforce__Asset_ID__c,Asset ID,string,,,,,,
Fleet_Asset__c,fleetforce__Battery_Capacity_kWh__c,Battery Capacity (kWh),double,,,,,,
Fleet_Asset__c,fleetforce__Body_Type__c,Body Type,picklist,,Sedan|Coupe|Hatchback|Convertible|Wagon|SUV|Pickup|Truck|Minivan|Van|Motorcycle|Other,,,,
Fleet_Asset__c,fleetforce__Branch__c,Branch,reference,,,fleetforce__Fleet_Branch__c,,,
Fleet_Asset__c,fleetforce__Color__c,Color,picklist,,White|Black|Gray|Silver|Red|Blue|Brown|Beige|Green|Orange|Yellow|Purple|Gold|Other,,,,
Fleet_Asset__c,fleetforce__Drive_Type__c,Drive Type,picklist,,FWD|RWD|AWD|4WD|6WD|Other,,,,
Fleet_Asset__c,fleetforce__Driver__c,Driver,reference,,,Contact,,,
Fleet_Asset__c,fleetforce__Engine_Type__c,Engine Type,picklist,,Diesel|ICE|Electric|Hybrid|Hydrogen|Plug-In,,,,
Fleet_Asset__c,fleetforce__Fuel_Capacity__c,Fuel Capacity,double,,,,,,
Fleet_Asset__c,fleetforce__Fuel_Energy_Level__c,Fuel/Energy Level,percent,,,,,,
Fleet_Asset__c,fleetforce__Fuel_Type__c,Fuel Type,picklist,,Gasoline|Diesel|Electric|Hybrid|Plug-in Hybrid|Hydrogen|CNG|Propane|Flex Fuel|Other,,,,
Fleet_Asset__c,fleetforce__Gross_Weight__c,Gross Weight (GVW),double,,,,,,
Fleet_Asset__c,fleetforce__Height__c,Height,double,,,,,,
Fleet_Asset__c,fleetforce__Is_Active__c,Active,boolean,Yes,,,False,,
Fleet_Asset__c,fleetforce__Key_Tag_ID__c,Key Tag ID,string,,,,,,
Fleet_Asset__c,fleetforce__Last_Location__Latitude__s,Last Location (Latitude),double,,,,,,
Fleet_Asset__c,fleetforce__Last_Location__Longitude__s,Last Location (Longitude),double,,,,,,
Fleet_Asset__c,fleetforce__Last_Location__c,Last Location,location,,,,,,
Fleet_Asset__c,fleetforce__License_Plate__c,License Plate,string,,,,,,
Fleet_Asset__c,fleetforce__Max_Range__c,Max Range,double,,,,,,
Fleet_Asset__c,fleetforce__Odometer__c,Odometer,double,,,,,,
Fleet_Asset__c,fleetforce__Ownership__c,Ownership,picklist,,Owned|Leased|Financed|Reimbursed|Sub Lease|Other,,,,
Fleet_Asset__c,fleetforce__Paint_Name__c,Paint Name,string,,,,,,
Fleet_Asset__c,fleetforce__Purchase_Date__c,Purchase Date,date,,,,,,
Fleet_Asset__c,fleetforce__Purchase_Price__c,Purchase Price,currency,,,,,,
Fleet_Asset__c,fleetforce__Registered_State__c,Registered State,picklist,,AL|AK|AZ|AR|CA|CO|CT|DE|FL|GA|HI|ID|IL|IN|IA|KS|KY|LA|ME|MD|MA|MI|MN|MS|MO|MT|NE|NV|NH|NJ|NM|NY|NC|ND|OH|OK|OR|PA|RI|SC|SD|TN|TX|UT|VT|VA|WA|WV|WI|WY|DC,,,Used for US states only.,
Fleet_Asset__c,fleetforce__Residual_Value__c,Residual Value,currency,,,,,,
Fleet_Asset__c,fleetforce__Seat_Count__c,Seat Count,double,,,,,,
Fleet_Asset__c,fleetforce__Serial__c,Serial,string,,,,,,
Fleet_Asset__c,fleetforce__Status__c,Status,picklist,,Ordered|Available|Assigned|Decommissioned|Retired,,,,
Fleet_Asset__c,fleetforce__Transmission__c,Transmission,picklist,,Automatic|Manual|CVT|Dual Clutch,,,,
Fleet_Asset__c,fleetforce__VIN__c,VIN,string,,,,,,
Fleet_Asset__c,fleetforce__Vehicle_Class__c,Vehicle Class,picklist,,Mini|Economy|Compact|Intermediate|Standard|Full Size|Luxury|Motorcycle|Commercial|Heavy Machinery|Aviation|Other,,,,
Fleet_Asset__c,fleetforce__Vendor__c,Vendor/FMC,reference,,,Account,,,
Fleet_Asset__c,fleetforce__Total_Maintenance_Cost__c,Total Maintenance Cost,currency,,,,,,
Authorized_Driver__c,Name,Name,string,,,,,,
Authorized_Driver__c,fleetforce__Fleet_Asset__c,Fleet Asset,reference,Yes,,fleetforce__Fleet_Asset__c,,,
Authorized_Driver__c,fleetforce__Driver__c,Driver (Contact),reference,,,Contact,,,
Authorized_Driver__c,fleetforce__Has_Key__c,Key Access,boolean,Yes,,,False,,
Authorized_Driver__c,fleetforce__Is_Active__c,Is Active,boolean,Yes,,,False,,
Authorized_Driver__c,fleetforce__Type__c,Authorization Type,picklist,,Primary|Secondary|Occasional|Temporary,,Primary,,
Telemetry_Violation__c,OwnerId,Owner ID,reference,Yes,,Group|User,,,
Telemetry_Violation__c,Name,Name,string,,,,,,
Telemetry_Violation__c,fleetforce__Driver__c,Driver,reference,,,Contact,,,
Telemetry_Violation__c,fleetforce__Equipment__c,Equipment,reference,,,fleetforce__Telematics_Equipment__c,,,
Telemetry_Violation__c,fleetforce__Fleet_Asset__c,Fleet Asset,reference,,,fleetforce__Fleet_Asset__c,,,
Telemetry_Violation__c,fleetforce__Is_Ack__c,Is Acknowledged,boolean,Yes,,,False,,
Telemetry_Violation__c,fleetforce__Limit__c,Limit / Threshold,string,,,,,,
Telemetry_Violation__c,fleetforce__Location__Latitude__s,Location (Latitude),double,,,,,,
Telemetry_Violation__c,fleetforce__Location__Longitude__s,Location (Longitude),double,,,,,,
Telemetry_Violation__c,fleetforce__Location__c,Location,location,,,,,,
Telemetry_Violation__c,fleetforce__Notes__c,Review Notes,textarea,,,,,,
Telemetry_Violation__c,fleetforce__Severity__c,Severity,picklist,,Low|Medium|High|Critical,,,,
Telemetry_Violation__c,fleetforce__Timestamp__c,Timestamp,datetime,,,,,,
Telemetry_Violation__c,fleetforce__Type__c,Violation Type,picklist,,Speeding|Harsh Braking|Harsh Acceleration|Idling|Geofence Breach|Diagnostic Fault|Seatbelt|Engine Overtemp,,,,
Telemetry_Violation__c,fleetforce__Value__c,Recorded Value,string,,,,,,
Service_Ticket__c,Name,Name,string,,,,,,
Service_Ticket__c,fleetforce__Fleet_Asset__c,Fleet Asset,reference,Yes,,fleetforce__Fleet_Asset__c,,,
Service_Ticket__c,fleetforce__Actual_End__c,Actual End,date,,,,,,
Service_Ticket__c,fleetforce__Actual_Start__c,Actual Start,date,,,,,,
Service_Ticket__c,fleetforce__Category__c,Ticket Type,picklist,,Preventive Maintenance|Corrective Repair|Inspection|Telemetry Alert|Warranty|Other,,,,
Service_Ticket__c,fleetforce__Date_Reported__c,Date Reported,datetime,,,,,,
Service_Ticket__c,fleetforce__Description__c,Description,textarea,,,,,,
Service_Ticket__c,fleetforce__Due_Date__c,Due Date,date,,,,,,
Service_Ticket__c,fleetforce__Fixed_Cost__c,Fixed Price,currency,,,,,"Use only for flat-rate jobs (e.g., 'Brake Special $99'). This amount is added in addition to any Parts/Labor entered.",
Service_Ticket__c,fleetforce__Is_Labor_Taxable__c,Tax Labor?,boolean,Yes,,,False,Check this box if the state/jurisdiction requires sales tax on service labor.,
Service_Ticket__c,fleetforce__Misc_Fees__c,Misc / Fees,currency,,,,,"Disposal fees, shop supplies, or environmental charges.",
Service_Ticket__c,fleetforce__Odometer__c,Odometer,double,,,,,,
Service_Ticket__c,fleetforce__Priority__c,Priority,picklist,,Critical|High|Medium|Low,,,,
Service_Ticket__c,fleetforce__Reported_By__c,Reported By,reference,,,Contact,,,
Service_Ticket__c,fleetforce__Scheduled_End__c,Scheduled End,date,,,,,,
Service_Ticket__c,fleetforce__Scheduled_Start__c,Scheduled Start,date,,,,,,
Service_Ticket__c,fleetforce__Status__c,Status,picklist,,Draft|In-Shop|Completed,,Draft,,
Service_Ticket__c,fleetforce__Summary__c,Summary,string,,,,,,
Service_Ticket__c,fleetforce__Tax_Rate__c,Tax Rate,percent,,,,,,
Service_Ticket__c,fleetforce__Total_Labor_Cost__c,Total Labor Cost,currency,,,,,,
Service_Ticket__c,fleetforce__Total_Parts_Cost__c,Total Parts Cost,currency,,,,,,
Service_Ticket__c,fleetforce__Vendor__c,Vendor,reference,,,Account,,,
Service_Ticket__c,fleetforce__Violation_Source__c,Violation Source,reference,,,fleetforce__Telemetry_Violation__c,,,
Service_Ticket__c,fleetforce__Grand_Total__c,Grand Total,currency,,,,,"The final amount payable. Includes Parts, Labor, Misc fees, and Tax. Note: Labor is only taxed if the ""Tax Labor?"" box is checked.",Formula
Service_Ticket__c,fleetforce__In_Shop__c,In Shop,boolean,,,,,,Formula
Reservation__c,OwnerId,Owner ID,reference,Yes,,Group|User,,,
Reservation__c,Name,Name,string,,,,,,
Reservation__c,fleetforce__Approval_Date__c,Approval Date,datetime,,,,,,
Reservation__c,fleetforce__Assigned_Asset__c,Assigned Asset,reference,,,fleetforce__Fleet_Asset__c,,,
Reservation__c,fleetforce__Cancel_Reason__c,Cancellation Reason,picklist,,No Longer Needed|Found Alternative|Vehicle Unavailable|Personal Emergency|Other,,No Longer Needed,,
Reservation__c,fleetforce__Cost_Center__c,Cost Center,string,,,,,,
Reservation__c,fleetforce__Destination_Branch__c,Destination Branch,reference,,,fleetforce__Fleet_Branch__c,,,
Reservation__c,fleetforce__End_Time__c,End Time,datetime,,,,,,
Reservation__c,fleetforce__Guest_Email__c,Guest Email,email,,,,,,
Reservation__c,fleetforce__Guest_First_Name__c,Guest First Name,string,,,,,,
Reservation__c,fleetforce__Guest_Last_Name__c,Guest Last Name,string,,,,,,
Reservation__c,fleetforce__Guest_Phone__c,Guest Phone,phone,,,,,,
Reservation__c,fleetforce__Min_Seats__c,Min Seats,double,,,,,,
Reservation__c,fleetforce__Origin_Branch__c,Origin Branch,reference,,,fleetforce__Fleet_Branch__c,,,
Reservation__c,fleetforce__Preferred_Body__c,Preferred Body,picklist,,Sedan|SUV|Pickup|Truck|Van|Minivan|Wagon|Other,,Sedan,,
Reservation__c,fleetforce__Preferred_Engine__c,Preferred Engine,picklist,,Gasoline|Diesel|Electric|Hybrid|Any,,Gasoline,,
Reservation__c,fleetforce__Priority__c,Priority,picklist,,Low|Medium|High|Critical,,Low,,
Reservation__c,fleetforce__Rejection_Reason__c,Rejection Reason,string,,,,,,
Reservation__c,fleetforce__Requestor_Contact__c,Requesting Driver,reference,,,Contact,,,
Reservation__c,fleetforce__Requestor_User__c,Requesting User,reference,,,User,,,
Reservation__c,fleetforce__Start_Time__c,Start Time,datetime,,,,,,
Reservation__c,fleetforce__Status__c,Status,picklist,,Draft|Pending|Approved|Active|Completed|Cancelled|Rejected,,Draft,,
