"Id","AccountId","LastName","FirstName","Phone","MobilePhone","Email","Title","Department","fleetforce__Contact_Type__c","fleetforce__Driver_Branch__c","fleetforce__Driver_Status__c","fleetforce__License_Class__c","fleetforce__License_Expiry__c","fleetforce__License_Number__c","fleetforce__License_State__c","fleetforce__Medical_Cert__c","fleetforce__Related_User__c","fleetforce__Safety_Score__c","fleetforce__Driver_Branch__r.fleetforce__Branch_ID__c","fleetforce__Related_User__r.Name"
"003Wm00000GFwVbIAL","001Wm00000K802qIAB","Bennett","Chloe","(303) 555-0101","(303) 555-0307","chloe.bennett@fleetforce-demo.com","Route Delivery Specialist","Express Transport","Driver","a0DWm000002RVmiMAG","Active","Class D","2026-09-02","CO-3829104","CO","2026-08-25","#N/A","83","BR-DEN","#N/A"
"003Wm00000GFzd6IAD","001Wm00000K802qIAB","Chen","Samantha","(602) 555-0110","(602) 555-0214","samantha.chen@fleetforce-demo.com","Branch Service Coordinator","Branch Administration","Manager","a0DWm000002RWx7MAG","Active","Class D","2027-08-30","AZ-8321049","AZ","2025-07-20","#N/A","97","BR-PHX","#N/A"
"003Wm00000GG1qDIAT","001Wm00000K802qIAB","Patel","Maya","(404) 555-0101","(404) 555-0302","maya.patel@fleetforce-demo.com","Express Delivery Driver","Express Transport","Driver","a0DWm000002RWttMAG","Active","Class D","2028-09-22","GA-4910283","GA","2025-09-18","#N/A","88","BR-ATL","#N/A"
"003Wm00000GG3C3IAL","001Wm00000K8LJvIAN","Kowalski","Ethan","(303) 555-0101","(303) 555-0306","ethan.kowalski@fleetforce-demo.com","Regional Freight Hauler","Regional Logistics","Driver","a0DWm000002RVmiMAG","Active","Class A CDL","2027-06-11","CO-4920193","CO","2025-06-11","#N/A","91","BR-DEN","#N/A"
"003Wm00000GG3C4IAL","001Wm00000K8LJvIAN","Alvarez","Sophia","(214) 555-0101","(214) 555-0312","sophia.alvarez@fleetforce-demo.com","Interstate Route Driver","Regional Logistics","Driver","a0DWm000002RWvVMAW","Active","Class B CDL","2027-09-08","TX-1829402","TX","2025-09-08","#N/A","90","BR-DAL","#N/A"
"003Wm00000GG3vFIAT","001Wm00000K8LJvIAN","Reed","Jordan","(602) 555-0101","(602) 555-0318","jordan.reed@fleetforce-demo.com","Field Support Courier","Field Services","Driver","a0DWm000002RWx7MAG","Active","Class D","2027-07-22","AZ-8392018","AZ","2025-07-22","#N/A","87","BR-PHX","#N/A"
"003Wm00000GG3vGIAT","001Wm00000K86eIIAR","Santos","Isabella","(602) 555-0101","(602) 555-0319","isabella.santos@fleetforce-demo.com","Express Courier Driver","Express Transport","Driver","a0DWm000002RWx7MAG","Active","Class D","2028-06-30","AZ-2910492","AZ","2026-06-30","#N/A","92","BR-PHX","#N/A"
"003Wm00000GG41fIAD","001Wm00000K86eIIAR","Miller","Jackson","(404) 555-0101","(404) 555-0301","jackson.miller@fleetforce-demo.com","Senior Route Driver","Regional Logistics","Driver","a0DWm000002RWttMAG","Active","Class A CDL","2027-04-15","GA-3829101","GA","2025-04-15","#N/A","92","BR-ATL","#N/A"
"003Wm00000GG41gIAD","001Wm00000K86eIIAR","Navarro","Gabriel","(602) 555-0101","(602) 555-0316","gabriel.navarro@fleetforce-demo.com","Heavy Duty Transport Driver","Regional Logistics","Driver","a0DWm000002RWx7MAG","Active","Class A CDL","2027-05-18","AZ-3920194","AZ","2025-05-18","#N/A","95","BR-PHX","#N/A"
"003Wm00000GG4GEIA1","001Wm00000K8LJuIAN","Moreno","Lucas","(214) 555-0101","(214) 555-0315","lucas.moreno@fleetforce-demo.com","Urban Logistics Courier","Express Transport","Driver","a0DWm000002RWvVMAW","Active","Class D","2027-03-24","TX-2910394","TX","2026-03-24","#N/A","86","BR-DAL","#N/A"
"003Wm00000GG4swIAD","001Wm00000K8LJuIAN","Mansour","Tariq","(303) 555-0101","(303) 555-0308","tariq.mansour@fleetforce-demo.com","Heavy Transport Driver","Regional Logistics","Driver","a0DWm000002RVmiMAG","On Leave","Class A CDL","2028-01-20","CO-7182940","CO","2025-01-20","#N/A","89","BR-DEN","#N/A"
"003Wm00000GG6DBIA1","001Wm00000K8LJuIAN","Gomez","Carlos","(404) 555-0101","(404) 555-0303","carlos.gomez@fleetforce-demo.com","Commercial Freight Driver","Regional Logistics","Driver","a0DWm000002RWttMAG","Active","Class B CDL","2026-08-05","GA-1928472","GA","2026-08-01","#N/A","79","BR-ATL","#N/A"
"003Wm00000GG6hoIAD","001Wm00000K86MaIAJ","Reyes","Elena","(303) 555-0110","(303) 555-0212","elena.reyes@fleetforce-demo.com","Regional Fleet Manager","Branch Administration","Manager","a0DWm000002RVmiMAG","Active","Class D","2027-11-20","CO-7731902","CO","2025-08-15","#N/A","96","BR-DEN","#N/A"
"003Wm00000GG7KUIA1","001Wm00000K86MaIAJ","Holt","David","(214) 555-0110","(214) 555-0213","david.holt@fleetforce-demo.com","Fleet Logistics Manager","Branch Administration","Manager","a0DWm000002RWvVMAW","Active","Class A CDL","2028-03-10","TX-4019284","TX","2025-03-12","#N/A","95","BR-DAL","#N/A"
"003Wm00000GG8GaIAL","001Wm00000K86MaIAJ","O'Connor","Derrick","(214) 555-0101","(214) 555-0313","derrick.oconnor@fleetforce-demo.com","Regional Delivery Driver","Regional Logistics","Driver","a0DWm000002RWvVMAW","Suspended","Class D","2026-07-28","TX-5920194","TX","2025-07-28","#N/A","62","BR-DAL","#N/A"
"003Wm00000GG8LOIA1","001Wm00000K80HGIAZ","Vance","Marcus","(404) 555-0110","(404) 555-0211","marcus.vance@fleetforce-demo.com","Branch Operations Director","Branch Administration","Manager","a0DWm000002RWttMAG","Active","Class D","2028-05-14","GA-9821441","GA","2025-05-10","#N/A","98","BR-ATL","#N/A"
"003Wm00000GG8LPIA1","001Wm00000K80HGIAZ","Washington","Liam","(404) 555-0101","(404) 555-0305","liam.washington@fleetforce-demo.com","Delivery Courier","Express Transport","Driver","a0DWm000002RWttMAG","Active","Class D","2028-02-18","GA-8201924","GA","2026-02-14","#N/A","85","BR-ATL","#N/A"
"003Wm00000GG8d9IAD","001Wm00000K80HGIAZ","Lindqvist","Hannah","(303) 555-0101","(303) 555-0309","hannah.lindqvist@fleetforce-demo.com","Service Van Specialist","Field Services","Driver","a0DWm000002RVmiMAG","Active","Class D","2027-12-05","CO-9028193","CO","2025-12-05","#N/A","96","BR-DEN","#N/A"
"003Wm00000GG97mIAD","001Wm00000K80HGIAZ","Sullivan","Brooke","(404) 555-0101","(404) 555-0304","brooke.sullivan@fleetforce-demo.com","Field Technician / Driver","Field Services","Driver","a0DWm000002RWttMAG","Active","Class D","2027-10-12","GA-5820193","GA","2025-10-10","#N/A","94","BR-ATL","#N/A"
"003Wm00000GG9J5IAL","001Wm00000K802rIAB","Jackson","Aaliyah","(214) 555-0101","(214) 555-0314","aaliyah.jackson@fleetforce-demo.com","Field Fleet Specialist","Field Services","Driver","a0DWm000002RWvVMAW","Active","Class D","2028-11-15","TX-8492019","TX","2025-11-15","#N/A","93","BR-DAL","#N/A"
"003Wm00000GGAOnIAP","001Wm00000K802rIAB","Ramirez","Noah","(303) 555-0101","(303) 555-0310","noah.ramirez@fleetforce-demo.com","Fleet Courier","Express Transport","Driver","a0DWm000002RVmiMAG","Active","Class D","2028-07-14","CO-5820194","CO","2026-07-14","#N/A","64","BR-DEN","#N/A"
"003Wm00000GGAOoIAP","001Wm00000K802rIAB","Kaufman","Zoe","(602) 555-0101","(602) 555-0317","zoe.kaufman@fleetforce-demo.com","Southwest Route Driver","Express Transport","Driver","a0DWm000002RWx7MAG","Active","Class D","2028-10-09","AZ-4920183","AZ","2025-10-09","#N/A","91","BR-PHX","#N/A"
"003Wm00000GGAQPIA5","001Wm00000K802qIAB","Travis","Wyatt","(214) 555-0101","(214) 555-0311","wyatt.travis@fleetforce-demo.com","Heavy Haul Specialist","Regional Logistics","Driver","a0DWm000002RWvVMAW","Active","Class A CDL","2028-04-19","TX-9382019","TX","2025-04-19","#N/A","97","BR-DAL","#N/A"
"003Wm00000GGAS1IAP","001Wm00000K802qIAB","Cooper","Austin","(602) 555-0101","(602) 555-0320","austin.cooper@fleetforce-demo.com","Commercial Route Specialist","Regional Logistics","Driver","a0DWm000002RWx7MAG","Active","Class B CDL","2027-01-19","AZ-6829104","AZ","2026-01-19","#N/A","78","BR-PHX","#N/A"
