"Id","OwnerId","Name","CreatedDate","CreatedById","LastModifiedDate","LastModifiedById","fleetforce__Approval_Date__c","fleetforce__Assigned_Asset__c","fleetforce__Cancel_Reason__c","fleetforce__Cost_Center__c","fleetforce__Destination_Branch__c","fleetforce__End_Time__c","fleetforce__Guest_Email__c","fleetforce__Guest_First_Name__c","fleetforce__Guest_Last_Name__c","fleetforce__Guest_Phone__c","fleetforce__Min_Seats__c","fleetforce__Origin_Branch__c","fleetforce__Preferred_Body__c","fleetforce__Preferred_Engine__c","fleetforce__Priority__c","fleetforce__Rejection_Reason__c","fleetforce__Requestor_Contact__c","fleetforce__Requestor_User__c","fleetforce__Start_Time__c","fleetforce__Status__c","Owner.Name","CreatedBy.Name","LastModifiedBy.Name","fleetforce__Assigned_Asset__r.fleetforce__Asset_ID__c","fleetforce__Destination_Branch__r.fleetforce__Branch_ID__c","fleetforce__Origin_Branch__r.fleetforce__Branch_ID__c","fleetforce__Requestor_Contact__r.Email","fleetforce__Requestor_User__r.Name"
"a0JWm000000E0EfMAK","005Wm000002EIUDIA4","RES-0002","2026-08-19T07:55:41.000+0000","005Wm000002EIUDIA4","2026-08-19T07:56:01.000+0000","005Wm000002EIUDIA4","2026-08-17T10:30:00.000+0000","a0CWm00000xn6SoMAI","#N/A","CC-OPS-101","a0DWm000002RWttMAG","2026-08-22T17:00:00.000+0000","#N/A","#N/A","#N/A","#N/A","5","a0DWm000002RWttMAG","Pickup","Gasoline","High","#N/A","003Wm00000GG3C4IAL","005Wm000002EIUDIA4","2026-08-21T08:00:00.000+0000","Approved","User User","User User","User User","FA-0104","BR-ATL","BR-ATL","sophia.alvarez@fleetforce-demo.com","User User"
"a0JWm000000E0EgMAK","005Wm000002EIUDIA4","RES-0006","2026-08-19T07:55:42.000+0000","005Wm000002EIUDIA4","2026-08-19T07:56:01.000+0000","005Wm000002EIUDIA4","2026-08-17T11:20:00.000+0000","a0CWm00000xmy2TMAQ","#N/A","CC-OPS-103","a0DWm000002RWx7MAG","2026-08-26T17:00:00.000+0000","#N/A","#N/A","#N/A","#N/A","5","a0DWm000002RWx7MAG","Sedan","Hybrid","Medium","#N/A","003Wm00000GG9J5IAL","005Wm000002EIUDIA4","2026-08-24T08:30:00.000+0000","Approved","User User","User User","User User","FA-0122","BR-PHX","BR-PHX","aaliyah.jackson@fleetforce-demo.com","User User"
"a0JWm000000E0GHMA0","005Wm000002EIUDIA4","RES-0003","2026-08-19T07:55:41.000+0000","005Wm000002EIUDIA4","2026-08-19T07:56:01.000+0000","005Wm000002EIUDIA4","2026-08-17T15:45:00.000+0000","a0CWm00000xn6SoMAI","#N/A","CC-FLT-204","a0DWm000002RWttMAG","2026-08-23T12:00:00.000+0000","#N/A","#N/A","#N/A","#N/A","5","a0DWm000002RWttMAG","Pickup","Gasoline","Critical","#N/A","003Wm00000GFwVbIAL","005Wm000002EIUDIA4","2026-08-21T13:00:00.000+0000","Approved","User User","User User","User User","FA-0104","BR-ATL","BR-ATL","chloe.bennett@fleetforce-demo.com","User User"
"a0JWm000000E0HtMAK","005Wm000002EIUDIA4","RES-0004","2026-08-19T07:55:41.000+0000","005Wm000002EIUDIA4","2026-08-19T07:56:01.000+0000","005Wm000002EIUDIA4","2026-08-17T09:00:00.000+0000","a0CWm00000xn8VZMAY","#N/A","CC-OPS-102","a0DWm000002RVmiMAG","2026-08-19T18:00:00.000+0000","#N/A","#N/A","#N/A","#N/A","5","a0DWm000002RVmiMAG","SUV","Hybrid","Medium","#N/A","003Wm00000GGAS1IAP","005Wm000002EIUDIA4","2026-08-18T07:30:00.000+0000","Active","User User","User User","User User","FA-0112","BR-DEN","BR-DEN","austin.cooper@fleetforce-demo.com","User User"
"a0JWm000000E0HuMAK","005Wm000002EIUDIA4","RES-0013","2026-08-19T07:55:43.000+0000","005Wm000002EIUDIA4","2026-08-19T07:56:01.000+0000","005Wm000002EIUDIA4","2026-08-17T11:00:00.000+0000","a0CWm00000xn8lfMAA","#N/A","CC-OPS-101","a0DWm000002RWttMAG","2026-08-18T17:00:00.000+0000","#N/A","#N/A","#N/A","#N/A","5","a0DWm000002RWttMAG","Pickup","Gasoline","Medium","#N/A","003Wm00000GG3C3IAL","005Wm000002EIUDIA4","2026-08-18T07:00:00.000+0000","Active","User User","User User","User User","FA-0101","BR-ATL","BR-ATL","ethan.kowalski@fleetforce-demo.com","User User"
"a0JWm000000E0JVMA0","005Wm000002EIUDIA4","RES-0005","2026-08-19T07:55:41.000+0000","005Wm000002EIUDIA4","2026-08-19T07:56:01.000+0000","005Wm000002EIUDIA4","2026-08-17T16:00:00.000+0000","a0CWm00000xn8VZMAY","#N/A","CC-EXE-301","a0DWm000002RVmiMAG","2026-08-20T10:00:00.000+0000","#N/A","#N/A","#N/A","#N/A","5","a0DWm000002RVmiMAG","SUV","Hybrid","High","#N/A","003Wm00000GG6DBIA1","005Wm000002EIUDIA4","2026-08-18T14:00:00.000+0000","Approved","User User","User User","User User","FA-0112","BR-DEN","BR-DEN","carlos.gomez@fleetforce-demo.com","User User"
"a0JWm000000E0JWMA0","005Wm000002EIUDIA4","RES-0030","2026-08-19T07:55:45.000+0000","005Wm000002EIUDIA4","2026-08-19T07:55:45.000+0000","005Wm000002EIUDIA4","2026-08-13T11:30:00.000+0000","a0CWm00000xmy7AMAQ","Found Alternative","CC-OPS-102","a0DWm000002RVmiMAG","2026-08-15T18:00:00.000+0000","#N/A","#N/A","#N/A","#N/A","2","a0DWm000002RVmiMAG","Van","Gasoline","Medium","#N/A","003Wm00000GG6DBIA1","005Wm000002EIUDIA4","2026-08-15T09:00:00.000+0000","Cancelled","User User","User User","User User","FA-0132","BR-DEN","BR-DEN","carlos.gomez@fleetforce-demo.com","User User"
"a0JWm000000E0L7MAK","005Wm000002EIUDIA4","RES-0007","2026-08-19T07:55:42.000+0000","005Wm000002EIUDIA4","2026-08-19T07:56:01.000+0000","005Wm000002EIUDIA4","2026-08-17T14:10:00.000+0000","a0CWm00000xmy2TMAQ","#N/A","CC-EXE-302","a0DWm000002RWx7MAG","2026-08-27T18:00:00.000+0000","#N/A","#N/A","#N/A","#N/A","5","a0DWm000002RWx7MAG","Sedan","Hybrid","Medium","#N/A","003Wm00000GGAOoIAP","005Wm000002EIUDIA4","2026-08-25T09:00:00.000+0000","Approved","User User","User User","User User","FA-0122","BR-PHX","BR-PHX","zoe.kaufman@fleetforce-demo.com","User User"
"a0JWm000000E0MjMAK","005Wm000002EIUDIA4","RES-0008","2026-08-19T07:55:42.000+0000","005Wm000002EIUDIA4","2026-08-19T07:56:01.000+0000","005Wm000002EIUDIA4","2026-08-18T10:00:00.000+0000","a0CWm00000xn3SoMAI","#N/A","CC-AUD-401","a0DWm000002RWttMAG","2026-08-20T17:00:00.000+0000","m.blake@external-consulting.com","Morgan","Blake","(404) 555-0721","5","a0DWm000002RWttMAG","Sedan","Gasoline","Medium","#N/A","#N/A","005Wm000002EIUDIA4","2026-08-20T09:00:00.000+0000","Approved","User User","User User","User User","FA-0106","BR-ATL","BR-ATL","#N/A","User User"
"a0JWm000000E0OLMA0","005Wm000002EIUDIA4","RES-0009","2026-08-19T07:55:42.000+0000","005Wm000002EIUDIA4","2026-08-19T07:56:02.000+0000","005Wm000002EIUDIA4","#N/A","a0CWm00000xn8grMAA","#N/A","CC-IT-501","a0DWm000002RVmiMAG","2026-08-24T18:00:00.000+0000","jordan.hayes@vendor-partner.org","Jordan","Hayes","(303) 555-0834","5","a0DWm000002RVmiMAG","SUV","Gasoline","Low","#N/A","#N/A","005Wm000002EIUDIA4","2026-08-23T08:00:00.000+0000","Pending","User User","User User","User User","FA-0107","BR-DEN","BR-DEN","#N/A","User User"
"a0JWm000000E0OMMA0","005Wm000002EIUDIA4","RES-0010","2026-08-19T07:55:42.000+0000","005Wm000002EIUDIA4","2026-08-19T07:56:02.000+0000","005Wm000002EIUDIA4","#N/A","a0CWm00000xn6nAMAQ","#N/A","CC-LOG-601","a0DWm000002RWvVMAW","2026-08-28T16:00:00.000+0000","tquinn@supplychain-associates.net","Taylor","Quinn","(214) 555-0912","5","a0DWm000002RWvVMAW","Sedan","Gasoline","Low","#N/A","#N/A","005Wm000002EIUDIA4","2026-08-26T10:00:00.000+0000","Draft","User User","User User","User User","FA-0115","BR-DAL","BR-DAL","#N/A","User User"
"a0JWm000000E0PxMAK","005Wm000002EIUDIA4","RES-0011","2026-08-19T07:55:42.000+0000","005Wm000002EIUDIA4","2026-08-19T07:56:02.000+0000","005Wm000002EIUDIA4","2026-08-08T11:00:00.000+0000","a0CWm00000xn0gZMAQ","#N/A","CC-SOL-701","a0DWm000002RWx7MAG","2026-08-10T17:30:00.000+0000","athorne@greenenergy-metrics.com","Aris","Thorne","(602) 555-0648","5","a0DWm000002RWx7MAG","Wagon","Gasoline","Medium","#N/A","#N/A","005Wm000002EIUDIA4","2026-08-10T08:30:00.000+0000","Completed","User User","User User","User User","FA-0117","BR-PHX","BR-PHX","#N/A","User User"
"a0JWm000000E0PyMAK","005Wm000002EIUDIA4","RES-0019","2026-08-19T07:55:44.000+0000","005Wm000002EIUDIA4","2026-08-19T07:56:02.000+0000","005Wm000002EIUDIA4","2026-07-26T10:00:00.000+0000","a0CWm00000xn3shMAA","#N/A","CC-SEC-201","a0DWm000002RVmiMAG","2026-07-28T17:00:00.000+0000","#N/A","#N/A","#N/A","#N/A","7","a0DWm000002RVmiMAG","SUV","Gasoline","High","#N/A","003Wm00000GG8GaIAL","005Wm000002EIUDIA4","2026-07-28T08:00:00.000+0000","Completed","User User","User User","User User","FA-0114","BR-DEN","BR-DEN","derrick.oconnor@fleetforce-demo.com","User User"
"a0JWm000000E0RZMA0","005Wm000002EIUDIA4","RES-0012","2026-08-19T07:55:42.000+0000","005Wm000002EIUDIA4","2026-08-19T07:56:02.000+0000","005Wm000002EIUDIA4","2026-08-17T14:30:00.000+0000","a0CWm00000xn8qWMAQ","#N/A","CC-IOT-801","a0DWm000002RWttMAG","2026-08-18T18:00:00.000+0000","cmercer@telematics-solutions.io","Casey","Mercer","(404) 555-0455","7","a0DWm000002RWttMAG","SUV","Hybrid","High","#N/A","#N/A","005Wm000002EIUDIA4","2026-08-18T08:00:00.000+0000","Active","User User","User User","User User","FA-0126","BR-ATL","BR-ATL","#N/A","User User"
"a0JWm000000E0TBMA0","005Wm000002EIUDIA4","RES-0014","2026-08-19T07:55:43.000+0000","005Wm000002EIUDIA4","2026-08-19T07:56:02.000+0000","005Wm000002EIUDIA4","2026-08-16T15:00:00.000+0000","a0CWm00000xn8tiMAA","#N/A","CC-LOG-102","a0DWm000002RWvVMAW","2026-08-19T18:00:00.000+0000","#N/A","#N/A","#N/A","#N/A","5","a0DWm000002RWvVMAW","Pickup","Gasoline","High","#N/A","003Wm00000GG8d9IAD","005Wm000002EIUDIA4","2026-08-17T08:00:00.000+0000","Active","User User","User User","User User","FA-0110","BR-DAL","BR-DAL","hannah.lindqvist@fleetforce-demo.com","User User"
"a0JWm000000E0TCMA0","005Wm000002EIUDIA4","RES-0024","2026-08-19T07:55:44.000+0000","005Wm000002EIUDIA4","2026-08-19T07:56:02.000+0000","005Wm000002EIUDIA4","#N/A","a0CWm00000xmuPbMAI","#N/A","CC-OPS-102","a0DWm000002RVmiMAG","2026-08-28T18:00:00.000+0000","#N/A","#N/A","#N/A","#N/A","3","a0DWm000002RVmiMAG","Pickup","Gasoline","Medium","#N/A","003Wm00000GG97mIAD","005Wm000002EIUDIA4","2026-08-27T07:30:00.000+0000","Pending","User User","User User","User User","FA-0109","BR-DEN","BR-DEN","brooke.sullivan@fleetforce-demo.com","User User"
"a0JWm000000E0UnMAK","005Wm000002EIUDIA4","RES-0015","2026-08-19T07:55:43.000+0000","005Wm000002EIUDIA4","2026-08-19T07:56:03.000+0000","005Wm000002EIUDIA4","2026-08-17T13:00:00.000+0000","a0CWm00000xn8IeMAI","#N/A","CC-OPS-103","a0DWm000002RWx7MAG","2026-08-18T16:30:00.000+0000","#N/A","#N/A","#N/A","#N/A","5","a0DWm000002RWx7MAG","Pickup","Gasoline","Medium","#N/A","003Wm00000GG4swIAD","005Wm000002EIUDIA4","2026-08-18T06:30:00.000+0000","Active","User User","User User","User User","FA-0120","BR-PHX","BR-PHX","tariq.mansour@fleetforce-demo.com","User User"
"a0JWm000000E0WPMA0","005Wm000002EIUDIA4","RES-0016","2026-08-19T07:55:43.000+0000","005Wm000002EIUDIA4","2026-08-19T07:56:03.000+0000","005Wm000002EIUDIA4","2026-08-10T14:00:00.000+0000","a0CWm00000xmxXYMAY","#N/A","CC-OPS-101","a0DWm000002RWttMAG","2026-08-12T16:00:00.000+0000","#N/A","#N/A","#N/A","#N/A","2","a0DWm000002RWttMAG","Van","Gasoline","Medium","#N/A","003Wm00000GG41fIAD","005Wm000002EIUDIA4","2026-08-12T08:00:00.000+0000","Completed","User User","User User","User User","FA-0102","BR-ATL","BR-ATL","jackson.miller@fleetforce-demo.com","User User"
"a0JWm000000E0Y1MAK","005Wm000002EIUDIA4","RES-0017","2026-08-19T07:55:43.000+0000","005Wm000002EIUDIA4","2026-08-19T07:56:03.000+0000","005Wm000002EIUDIA4","2026-08-06T11:30:00.000+0000","a0CWm00000xn3SnMAI","#N/A","CC-OPS-102","a0DWm000002RVmiMAG","2026-08-08T17:00:00.000+0000","#N/A","#N/A","#N/A","#N/A","2","a0DWm000002RVmiMAG","Van","Gasoline","Medium","#N/A","003Wm00000GG4GEIA1","005Wm000002EIUDIA4","2026-08-08T09:00:00.000+0000","Completed","User User","User User","User User","FA-0105","BR-DEN","BR-DEN","lucas.moreno@fleetforce-demo.com","User User"
"a0JWm000000E0ZdMAK","005Wm000002EIUDIA4","RES-0018","2026-08-19T07:55:43.000+0000","005Wm000002EIUDIA4","2026-08-19T07:56:03.000+0000","005Wm000002EIUDIA4","2026-08-01T15:00:00.000+0000","a0CWm00000xn134MAA","#N/A","CC-LOG-102","a0DWm000002RWvVMAW","2026-08-03T18:30:00.000+0000","#N/A","#N/A","#N/A","#N/A","2","a0DWm000002RWvVMAW","Van","Gasoline","High","#N/A","003Wm00000GG41gIAD","005Wm000002EIUDIA4","2026-08-03T07:30:00.000+0000","Completed","User User","User User","User User","FA-0113","BR-DAL","BR-DAL","gabriel.navarro@fleetforce-demo.com","User User"
"a0JWm000000E0bFMAS","005Wm000002EIUDIA4","RES-0020","2026-08-19T07:55:44.000+0000","005Wm000002EIUDIA4","2026-08-19T07:56:03.000+0000","005Wm000002EIUDIA4","2026-07-18T14:00:00.000+0000","a0CWm00000xn1BHMAY","#N/A","CC-OPS-101","a0DWm000002RWttMAG","2026-07-20T17:30:00.000+0000","#N/A","#N/A","#N/A","#N/A","2","a0DWm000002RWttMAG","Van","Gasoline","Low","#N/A","003Wm00000GG1qDIAT","005Wm000002EIUDIA4","2026-07-20T09:00:00.000+0000","Completed","User User","User User","User User","FA-0123","BR-ATL","BR-ATL","maya.patel@fleetforce-demo.com","User User"
"a0JWm000000E0crMAC","005Wm000002EIUDIA4","RES-0021","2026-08-19T07:55:44.000+0000","005Wm000002EIUDIA4","2026-08-19T07:56:03.000+0000","005Wm000002EIUDIA4","2026-07-12T11:00:00.000+0000","a0CWm00000xn42cMAA","#N/A","CC-LOG-102","a0DWm000002RWvVMAW","2026-07-14T16:30:00.000+0000","#N/A","#N/A","#N/A","#N/A","2","a0DWm000002RWvVMAW","Van","Gasoline","Medium","#N/A","003Wm00000GGAOnIAP","005Wm000002EIUDIA4","2026-07-14T08:30:00.000+0000","Completed","User User","User User","User User","FA-0124","BR-DAL","BR-DAL","noah.ramirez@fleetforce-demo.com","User User"
"a0JWm000000E0eTMAS","005Wm000002EIUDIA4","RES-0022","2026-08-19T07:55:44.000+0000","005Wm000002EIUDIA4","2026-08-19T07:56:03.000+0000","005Wm000002EIUDIA4","2026-07-06T09:30:00.000+0000","a0CWm00000xn7umMAA","#N/A","CC-OPS-103","a0DWm000002RWx7MAG","2026-07-08T15:00:00.000+0000","#N/A","#N/A","#N/A","#N/A","5","a0DWm000002RWx7MAG","SUV","Hybrid","Low","#N/A","003Wm00000GG3vFIAT","005Wm000002EIUDIA4","2026-07-08T07:00:00.000+0000","Completed","User User","User User","User User","FA-0130","BR-PHX","BR-PHX","jordan.reed@fleetforce-demo.com","User User"
"a0JWm000000E0g5MAC","005Wm000002EIUDIA4","RES-0023","2026-08-19T07:55:44.000+0000","005Wm000002EIUDIA4","2026-08-19T07:56:03.000+0000","005Wm000002EIUDIA4","#N/A","a0CWm00000xmy2SMAQ","#N/A","CC-EV-301","a0DWm000002RWttMAG","2026-08-25T17:00:00.000+0000","#N/A","#N/A","#N/A","#N/A","5","a0DWm000002RWttMAG","Pickup","Electric","High","#N/A","003Wm00000GG3vGIAT","005Wm000002EIUDIA4","2026-08-25T08:00:00.000+0000","Pending","User User","User User","User User","FA-0103","BR-ATL","BR-ATL","isabella.santos@fleetforce-demo.com","User User"
"a0JWm000000E0g6MAC","005Wm000002EIUDIA4","RES-0029","2026-08-19T07:55:45.000+0000","005Wm000002EIUDIA4","2026-08-19T07:55:45.000+0000","005Wm000002EIUDIA4","2026-08-14T10:00:00.000+0000","a0CWm00000xn3yzMAA","No Longer Needed","CC-OPS-103","a0DWm000002RWx7MAG","2026-08-16T17:00:00.000+0000","#N/A","#N/A","#N/A","#N/A","5","a0DWm000002RWx7MAG","Sedan","Gasoline","Medium","#N/A","003Wm00000GGAS1IAP","005Wm000002EIUDIA4","2026-08-16T08:00:00.000+0000","Cancelled","User User","User User","User User","FA-0131","BR-PHX","BR-PHX","austin.cooper@fleetforce-demo.com","User User"
"a0JWm000000E0hhMAC","005Wm000002EIUDIA4","RES-0025","2026-08-19T07:55:44.000+0000","005Wm000002EIUDIA4","2026-08-19T07:56:04.000+0000","005Wm000002EIUDIA4","#N/A","a0CWm00000xn0l1MAA","#N/A","CC-EV-302","a0DWm000002RWvVMAW","2026-08-29T17:00:00.000+0000","#N/A","#N/A","#N/A","#N/A","2","a0DWm000002RWvVMAW","Van","Electric","Medium","#N/A","003Wm00000GGAQPIA5","005Wm000002EIUDIA4","2026-08-29T09:00:00.000+0000","Pending","User User","User User","User User","FA-0111","BR-DAL","BR-DAL","wyatt.travis@fleetforce-demo.com","User User"
"a0JWm000000E0jJMAS","005Wm000002EIUDIA4","RES-0026","2026-08-19T07:55:45.000+0000","005Wm000002EIUDIA4","2026-08-19T07:56:04.000+0000","005Wm000002EIUDIA4","#N/A","a0CWm00000xn7VgMAI","#N/A","CC-HVY-401","a0DWm000002RWx7MAG","2026-09-03T17:00:00.000+0000","#N/A","#N/A","#N/A","#N/A","3","a0DWm000002RWx7MAG","Pickup","Diesel","High","#N/A","003Wm00000GG8LPIA1","005Wm000002EIUDIA4","2026-09-02T08:00:00.000+0000","Draft","User User","User User","User User","FA-0116","BR-PHX","BR-PHX","liam.washington@fleetforce-demo.com","User User"
"a0JWm000000E0kvMAC","005Wm000002EIUDIA4","RES-0027","2026-08-19T07:55:45.000+0000","005Wm000002EIUDIA4","2026-08-19T07:56:04.000+0000","005Wm000002EIUDIA4","#N/A","a0CWm00000xn890MAA","#N/A","CC-OPS-101","a0DWm000002RWttMAG","2026-09-05T18:00:00.000+0000","#N/A","#N/A","#N/A","#N/A","5","a0DWm000002RWttMAG","Pickup","Gasoline","Low","#N/A","003Wm00000GG3C4IAL","005Wm000002EIUDIA4","2026-09-05T09:00:00.000+0000","Draft","User User","User User","User User","FA-0125","BR-ATL","BR-ATL","sophia.alvarez@fleetforce-demo.com","User User"
"a0JWm000000E0mXMAS","005Wm000002EIUDIA4","RES-0028","2026-08-19T07:55:45.000+0000","005Wm000002EIUDIA4","2026-08-19T07:56:04.000+0000","005Wm000002EIUDIA4","#N/A","a0CWm00000xn7w9MAA","#N/A","CC-EXE-102","a0DWm000002RWvVMAW","2026-09-09T17:30:00.000+0000","#N/A","#N/A","#N/A","#N/A","5","a0DWm000002RWvVMAW","Pickup","Gasoline","Low","#N/A","003Wm00000GFwVbIAL","005Wm000002EIUDIA4","2026-09-08T08:30:00.000+0000","Draft","User User","User User","User User","FA-0128","BR-DAL","BR-DAL","chloe.bennett@fleetforce-demo.com","User User"
"a0JWm000000E0o9MAC","005Wm000002EIUDIA4","RES-0031","2026-08-19T07:55:45.000+0000","005Wm000002EIUDIA4","2026-08-19T07:56:04.000+0000","005Wm000002EIUDIA4","#N/A","a0CWm00000xn42dMAA","#N/A","CC-LOG-102","a0DWm000002RWvVMAW","2026-08-14T17:00:00.000+0000","#N/A","#N/A","#N/A","#N/A","5","a0DWm000002RWvVMAW","Pickup","Gasoline","High","Asset payload rating insufficient for requested heavy machinery load; alternative commercial hauler requested.","003Wm00000GG9J5IAL","005Wm000002EIUDIA4","2026-08-14T08:00:00.000+0000","Rejected","User User","User User","User User","FA-0133","BR-DAL","BR-DAL","aaliyah.jackson@fleetforce-demo.com","User User"
